date,IC
2016-01-15,0.2309434410806859
2016-01-18,0.22244972553090597
2016-01-19,0.19582768193504166
2016-01-20,0.13853951424880895
2016-01-21,0.17563566211472642
2016-01-22,0.056163272490299454
2016-01-25,-0.0994575246117366
2016-01-26,-0.010818074742229006
2016-01-27,-0.0019906222301359663
2016-01-28,0.12608675019574678
2016-01-29,-0.07290283324070645
2016-02-01,0.02832699323121447
2016-02-02,-0.02930513868209746
2016-02-03,-0.16493206235289296
2016-02-04,-0.2101229363262541
2016-02-05,-0.23362837731337482
2016-02-15,-0.17817552119758023
2016-02-16,-0.2924841898129685
2016-02-17,-0.3447386016806818
2016-02-18,-0.2679307303256115
2016-02-19,-0.19927437300655781
2016-02-22,-0.12786399054954212
2016-02-23,-0.1557659197597752
2016-02-24,-0.07887544104392719
2016-02-25,0.004984948742807704
2016-02-26,0.08119500366383975
2016-02-29,0.27315414929756104
2016-03-01,0.18554265286200997
2016-03-02,0.17485002720477424
2016-03-03,0.18177454922910835
2016-03-04,0.3036678430646335
2016-03-07,0.30091092871199704
2016-03-08,0.23114374001706967
2016-03-09,0.2470109212180046
2016-03-10,0.21777707405200616
2016-03-11,0.22484862594832933
2016-03-14,0.14670567656958422
2016-03-15,0.19506097837508987
2016-03-16,0.23487130679471127
2016-03-17,0.16589604025052596
2016-03-18,0.04737544496933283
2016-03-21,-0.010805001688314799
2016-03-22,-0.1216184273520406
2016-03-23,-0.17344741475074626
2016-03-24,-0.14626119892410783
2016-03-25,-0.15770749358720457
2016-03-28,-0.10293517901968022
2016-03-29,-0.11348739698800442
2016-03-30,-0.1754510823703425
2016-03-31,-0.19270606153311126
2016-04-01,-0.11843168478632285
2016-04-05,-0.15207314543795256
2016-04-06,-0.14460122919866325
2016-04-07,-0.1600536941995783
2016-04-08,-0.18241261475411752
2016-04-11,-0.2064295679636931
2016-04-12,-0.21459779991329994
2016-04-13,-0.192563508408176
2016-04-14,-0.19201918289838626
2016-04-15,-0.1698932006148719
2016-04-18,-0.1562311636204965
2016-04-19,-0.1754759121335333
2016-04-20,-0.11515799995082723
2016-04-21,-0.07591071195045887
2016-04-22,-0.055612616471543704
2016-04-25,-0.06138245018159541
2016-04-26,-0.08146271997420487
2016-04-27,-0.04718348137370641
2016-04-28,-0.061973575053405366
2016-04-29,-0.05299638337275114
2016-05-03,-0.03751261390981019
2016-05-04,-0.014489630356258365
2016-05-05,-0.015804149519575695
2016-05-06,0.011501744813814059
2016-05-09,0.07425797858506487
2016-05-10,0.09011265952768588
2016-05-11,0.11730670460960066
2016-05-12,0.07329379818376419
2016-05-13,0.07626781280200325
2016-05-16,0.08386868821714275
2016-05-17,0.07886609366537002
2016-05-18,0.09530062931674206
2016-05-19,0.08431597414876034
2016-05-20,0.0683418832072842
2016-05-23,0.07557378085180681
2016-05-24,0.07130380702093041
2016-05-25,0.09382115201570149
2016-05-26,0.1005314414644516
2016-05-27,0.12666462420987643
2016-05-30,0.12850471722788356
2016-05-31,0.14108499726886858
2016-06-01,0.10982974605872532
2016-06-02,0.09189269435820419
2016-06-03,0.06992104110139535
2016-06-06,0.04166752964101252
2016-06-07,0.06652218247501906
2016-06-08,0.06081138046381465
2016-06-13,0.09121007978101003
2016-06-14,0.06810320994801725
2016-06-15,-0.0015707487808271053
2016-06-16,-0.026729703136854854
2016-06-17,-0.028803185950720043
2016-06-20,-0.06598056376553756
2016-06-21,-0.018453275887546968
2016-06-22,-0.011862658129919238
2016-06-23,-0.020218728024781266
2016-06-24,-0.026416628511342896
2016-06-27,-0.05999936867055303
2016-06-28,-0.05059148302057556
2016-06-29,-0.10852320888906979
2016-06-30,-0.11005324041160405
2016-07-01,-0.09796528236934866
2016-07-04,-0.10798763073132465
2016-07-05,-0.11665047925622604
2016-07-06,-0.1227466969996058
2016-07-07,-0.14803279850967116
2016-07-08,-0.1655355048257532
2016-07-11,-0.17003793988374696
2016-07-12,-0.12042052166945251
2016-07-13,-0.11523647511253095
2016-07-14,-0.12201070710678497
2016-07-15,-0.1507786379774182
2016-07-18,-0.1209726533252387
2016-07-19,-0.1002190997506405
2016-07-20,-0.09746335454921358
2016-07-21,-0.12900817664344752
2016-07-22,-0.12292914026462394
2016-07-25,-0.14222003449488246
2016-07-26,-0.16730776772635675
2016-07-27,-0.08786365998445281
2016-07-28,-0.06375860969172129
2016-07-29,-0.007026301434851337
2016-08-01,0.009457076104209726
2016-08-02,-0.010827299971919096
2016-08-03,-0.0068367907047089645
2016-08-04,-0.0306345588529708
2016-08-05,-0.03287894790789795
2016-08-08,-0.013161991960392508
2016-08-09,-0.04300146014549095
2016-08-10,-0.025879761086528955
2016-08-11,0.013141253804855346
2016-08-12,0.020575699298016958
2016-08-15,-0.05821895977344604
2016-08-16,-0.08362491455474604
2016-08-17,-0.06604601425142681
2016-08-18,-0.07655379895587235
2016-08-19,-0.08262525255844794
2016-08-22,-0.08655237491872139
2016-08-23,-0.03721058672494119
2016-08-24,-0.045806606804488996
2016-08-25,-0.06333705127573991
2016-08-26,-0.07247644950802634
2016-08-29,-0.0752416189796438
2016-08-30,-0.07697610854626395
2016-08-31,-0.09797544881226945
2016-09-01,-0.05304881353947737
2016-09-02,-0.06686378377474383
2016-09-05,-0.08575720700820127
2016-09-06,-0.08375435170978442
2016-09-07,-0.07196804775521115
2016-09-08,-0.07678759452389522
2016-09-09,-0.054458287805718236
2016-09-12,-0.013383842171299636
2016-09-13,-0.034139886521236194
2016-09-14,-0.07021799172322224
2016-09-19,-0.07364442247982433
2016-09-20,-0.06519419216301833
2016-09-21,-0.051575356247035666
2016-09-22,-0.06378041110396633
2016-09-23,-0.05216761329265643
2016-09-26,0.00045570035620574244
2016-09-27,0.02010360797464599
2016-09-28,0.016284118472046104
2016-09-29,0.019834330215428794
2016-09-30,0.010834174543509366
2016-10-10,-0.016585547714085592
2016-10-11,-0.03259591424941653
2016-10-12,-0.0385293040642947
2016-10-13,-0.05027289660580095
2016-10-14,-0.04286687845406769
2016-10-17,-0.04477389768293404
2016-10-18,-0.04954042050030166
2016-10-19,-0.0818815613181073
2016-10-20,-0.10466483932369053
2016-10-21,-0.09057096612203606
2016-10-24,-0.1142791565500455
2016-10-25,-0.10574079145916572
2016-10-26,-0.09858338279102248
2016-10-27,-0.10260378720403264
2016-10-28,-0.0625766341162638
2016-10-31,-0.05206919046955429
2016-11-01,-0.11262774695762882
2016-11-02,-0.1225352979591455
2016-11-03,-0.1296532154325505
2016-11-04,-0.1321752140598865
2016-11-07,-0.13073000470095963
2016-11-08,-0.10698866281753651
2016-11-09,-0.11547253606751809
2016-11-10,-0.15215488949245934
2016-11-11,-0.18984919400197545
2016-11-14,-0.2287585685534057
2016-11-15,-0.1928866040689457
2016-11-16,-0.16550317634299364
2016-11-17,-0.14319707499221965
2016-11-18,-0.12387529425334884
2016-11-21,-0.1231629239384322
2016-11-22,-0.13099939875337746
2016-11-23,-0.1106668718502669
2016-11-24,-0.13051255819073151
2016-11-25,-0.14115277204504384
2016-11-28,-0.13758806812290933
2016-11-29,-0.07659544238608962
2016-11-30,-0.024039127548119883
2016-12-01,-0.009486748462393342
2016-12-02,-0.019414686687301796
2016-12-05,0.004588585701278338
2016-12-06,0.010539406989990872
2016-12-07,-0.03894891016216034
2016-12-08,-0.05959614574622361
2016-12-09,-0.07695981658066926
2016-12-12,0.021733898743872278
2016-12-13,-0.0687734952706653
2016-12-14,-0.07987536988928083
2016-12-15,-0.174738002370676
2016-12-16,-0.22097826572578913
2016-12-19,-0.20403209492010752
2016-12-20,-0.1632118330470835
2016-12-21,-0.1782706593583251
2016-12-22,-0.16495364117225786
2016-12-23,-0.11464430951421674
2016-12-26,-0.1371459970143284
2016-12-27,-0.17388387941382696
2016-12-28,-0.1834094996408233
2016-12-29,-0.18454280363323686
2016-12-30,-0.13142098552048023
2017-01-03,-0.094378395116082
2017-01-04,-0.12677080848230138
2017-01-05,-0.11917792819683524
2017-01-06,-0.11236241870413698
2017-01-09,-0.12057433759266209
2017-01-10,-0.03863570072643837
2017-01-11,-0.04087756482397729
2017-01-12,-0.02741407158521523
2017-01-13,0.008337303145167741
2017-01-16,0.11231135096307614
2017-01-17,0.06709700239843017
2017-01-18,0.08857484878288427
2017-01-19,0.11520297436028652
2017-01-20,0.09923117541710029
2017-01-23,0.06861057018270235
2017-01-24,0.10959921373610959
2017-01-25,0.14602442671839236
2017-01-26,0.11744199116206713
2017-02-03,0.10479769763911433
2017-02-06,0.09061067994123434
2017-02-07,0.07418636521373224
2017-02-08,0.019833474687713164
2017-02-09,-0.020894189293439447
2017-02-10,-0.008595762711678463
2017-02-13,0.008230126846556527
2017-02-14,0.0030419259978023672
2017-02-15,0.038289007271229275
2017-02-16,0.04602637432823229
2017-02-17,0.05779614686349511
2017-02-20,0.018666561096653135
2017-02-21,-0.029375238502762545
2017-02-22,-0.04550732511940742
2017-02-23,0.011253171439920641
2017-02-24,0.03809477787445923
2017-02-27,0.05334266740951849
2017-02-28,0.014612764838070362
2017-03-01,0.021423259096789146
2017-03-02,0.01308807919088852
2017-03-03,0.020081520078883943
2017-03-06,0.05083621021656501
2017-03-07,0.09187864214266409
2017-03-08,0.03092597616848273
2017-03-09,0.01159803648419035
2017-03-10,-0.013062383612208373
2017-03-13,-0.018041118072173075
2017-03-14,-0.03871473795081325
2017-03-15,-0.06776899638774735
2017-03-16,-0.097414408529348
2017-03-17,-0.08602347362955433
2017-03-20,-0.10744815436596447
2017-03-21,-0.09785234096319964
2017-03-22,-0.1311295908802073
2017-03-23,-0.1824792969052051
2017-03-24,-0.1658354099971941
2017-03-27,-0.15025876472979754
2017-03-28,-0.11974364244196405
2017-03-29,-0.11299899508158814
2017-03-30,-0.0995555074928158
2017-03-31,-0.07153999638556133
2017-04-05,-0.02611341904318574
2017-04-06,-0.04553078571137976
2017-04-07,-0.12815787762489947
2017-04-10,-0.13585964152404936
2017-04-11,-0.20205297407795078
2017-04-12,-0.13996678112085528
2017-04-13,-0.15299083399747634
2017-04-14,-0.12953435961661705
2017-04-17,-0.0394174830741115
2017-04-18,-0.03259130019348551
2017-04-19,-0.06701482903958056
2017-04-20,0.0007486853879390752
2017-04-21,0.014305902212454716
2017-04-24,-0.004631290710712859
2017-04-25,0.0038718414377008205
2017-04-26,-0.024603995430642882
2017-04-27,-0.04836595765217621
2017-04-28,-0.06900441810813086
2017-05-02,-0.1251770354990502
2017-05-03,-0.08054603508342845
2017-05-04,-0.0698066095127621
2017-05-05,-0.0582712160695907
2017-05-08,0.0511935665412918
2017-05-09,0.026719510977221493
2017-05-10,0.06023250752344673
2017-05-11,0.006036659727092153
2017-05-12,0.03335947003253612
2017-05-15,0.03934904634077593
2017-05-16,0.026300608816123196
2017-05-17,0.004002820956825902
2017-05-18,0.011514882638485515
2017-05-19,0.036834121103100664
2017-05-22,0.06800818813192167
2017-05-23,0.07931089056711957
2017-05-24,0.04408722046186891
2017-05-25,0.009287806516204988
2017-05-26,0.007294937316398747
2017-05-31,0.004398271356845689
2017-06-01,0.06639075665165299
2017-06-02,0.03389749277803484
2017-06-05,0.02456449035491279
2017-06-06,0.033113282126973086
2017-06-07,-0.008227437456652551
2017-06-08,-0.0048454578019541325
2017-06-09,-0.005076549307561068
2017-06-12,-0.019349828366010315
2017-06-13,-0.05599773747202728
2017-06-14,-0.04008391150888045
2017-06-15,-0.09286214152112023
2017-06-16,-0.08895842734218146
2017-06-19,-0.15618176757281374
2017-06-20,-0.1332803230196964
2017-06-21,-0.11270626648784746
2017-06-22,-0.09744981650254375
2017-06-23,-0.0996543388595928
2017-06-26,-0.10248497458382477
2017-06-27,-0.07441309643819978
2017-06-28,-0.06293799450308178
2017-06-29,-0.06427173049981058
2017-06-30,-0.04985003140787872
2017-07-03,-0.057512374168033155
2017-07-04,-0.04245234482222817
2017-07-05,-0.017064390977924903
2017-07-06,-0.017891008835453
2017-07-07,-0.024639449895631098
2017-07-10,-0.013764217976697473
2017-07-11,0.027416295584727406
2017-07-12,0.02454904401552876
2017-07-13,0.04522737397747663
2017-07-14,0.04825405845897283
2017-07-17,0.10376689335378327
2017-07-18,0.0924687510122876
2017-07-19,0.06766106768044447
2017-07-20,0.06767452455448109
2017-07-21,0.04584275367598414
2017-07-24,0.0840734896004246
2017-07-25,0.08906555949844641
2017-07-26,0.040767373193750255
2017-07-27,0.05857235706403681
2017-07-28,0.04915250161755669
2017-07-31,-0.004028892736052935
2017-08-01,0.02734034630702439
2017-08-02,0.05488422808483856
2017-08-03,0.05661054200173699
2017-08-04,0.1715600673424593
2017-08-07,0.13123546927658483
2017-08-08,0.11147606464556671
2017-08-09,0.1252060740542929
2017-08-10,0.11274183980802358
2017-08-11,0.23389317167314613
2017-08-14,0.23720022050702064
2017-08-15,0.24143422224822633
2017-08-16,0.32803247543083547
2017-08-17,0.24713009428578553
2017-08-18,0.1743473775502008
2017-08-21,0.1328577465508991
2017-08-22,0.1010272646869571
2017-08-23,0.22341783060053771
2017-08-24,0.17891680898416354
2017-08-25,0.10287063685912042
2017-08-28,0.017313330705131982
2017-08-29,0.07957489048391878
2017-08-30,0.02019192865088348
2017-08-31,-0.03451488677137869
2017-09-01,-0.11993007388163562
2017-09-04,-0.09318491920846916
2017-09-05,-0.13299446570741694
2017-09-06,-0.21102565998632752
2017-09-07,-0.19716274728446576
2017-09-08,-0.15045952539050877
2017-09-11,-0.20742491691940007
2017-09-12,-0.23694920536485445
2017-09-13,-0.2736302882763722
2017-09-14,-0.2569191749575409
2017-09-15,-0.1672815114327887
2017-09-18,-0.18970922202821497
2017-09-19,-0.16380571261625146
2017-09-20,-0.20554080134324884
2017-09-21,-0.1410024020586617
2017-09-22,-0.14972634129706544
2017-09-25,-0.11223729130125491
2017-09-26,-0.13367240598981528
2017-09-27,-0.1334795651093715
2017-09-28,-0.13511301741108417
2017-09-29,-0.14184476023615522
2017-10-09,-0.11306004613223739
2017-10-10,-0.046596395530888325
2017-10-11,0.02273449057024626
2017-10-12,0.04884196344962021
2017-10-13,0.0612027925769951
2017-10-16,0.10923918930688065
2017-10-17,0.11080345868496545
2017-10-18,0.12531576866801647
2017-10-19,0.12945511671249788
2017-10-20,-0.000541349628682814
2017-10-23,0.03921331878488035
2017-10-24,0.04911753256556735
2017-10-25,0.01400645544376148
2017-10-26,-0.029187299802950192
2017-10-27,-0.027058513263052288
2017-10-30,-0.08955204762400856
2017-10-31,-0.06180540802655052
2017-11-01,-0.06370533310338004
2017-11-02,-0.06358454496353937
2017-11-03,-0.014331920275053709
2017-11-06,-0.06846023981740758
2017-11-07,-0.08197635546476377
2017-11-08,-0.03923113867943804
2017-11-09,-0.05480869897721283
2017-11-10,-0.0339239672064603
2017-11-13,-0.0010903239348378259
2017-11-14,0.014395039477432434
2017-11-15,0.06032854248442841
2017-11-16,0.041249826375102217
2017-11-17,0.08910439343685002
2017-11-20,-0.04636692408393519
2017-11-21,-0.05791485831175154
2017-11-22,-0.07284935291457838
2017-11-23,0.07327401232485767
2017-11-24,0.08055952011630452
2017-11-27,0.16341445171193386
2017-11-28,0.03925715555216825
2017-11-29,0.001984366310527392
2017-11-30,0.052083409086366626
2017-12-01,0.04251855795954656
2017-12-04,0.044425193771024205
2017-12-05,0.17537920993693237
2017-12-06,0.1267554179864946
2017-12-07,0.11324171302087879
2017-12-08,0.04889654274347219
2017-12-11,-0.001064223184567937
2017-12-12,-0.01902146531008236
2017-12-13,-0.05107854450613146
2017-12-14,-0.09766636883801227
2017-12-15,-0.07987139296272965
2017-12-18,-0.04155327298742906
2017-12-19,-0.11037421271273826
2017-12-20,-0.09679102430689379
2017-12-21,-0.1658225345153644
2017-12-22,-0.13039194382970806
2017-12-25,-0.09219144590911876
2017-12-26,-0.07769461263971247
2017-12-27,-0.08434308278983506
2017-12-28,-0.10125962542561219
2017-12-29,-0.1312025260274703
2018-01-02,-0.12968768110114345
2018-01-03,-0.15826534392050845
2018-01-04,-0.15949223053163017
2018-01-05,-0.06380643561016373
2018-01-08,-0.057060361291976405
2018-01-09,-0.102443827753338
2018-01-10,-0.15612901535023696
2018-01-11,-0.11971833683130712
2018-01-12,-0.14666154485041377
2018-01-15,-0.061619839214376
2018-01-16,-0.0769552526892687
2018-01-17,-0.01331469042646748
2018-01-18,0.05425693752060009
2018-01-19,0.0673659692156765
2018-01-22,0.11033478112059439
2018-01-23,0.09146058744032176
2018-01-24,0.12272288598893516
2018-01-25,0.1474725200688559
2018-01-26,0.10506964625264971
2018-01-29,0.11783706943399855
2018-01-30,0.16350838102447526
2018-01-31,0.14698668762472847
2018-02-01,0.1365101196907149
2018-02-02,0.12978597964729502
2018-02-05,0.1733510075597699
2018-02-06,0.2759572946664636
2018-02-07,0.2919789367111984
2018-02-08,0.28159334478110487
2018-02-09,0.25694489007542715
2018-02-12,0.19720240929267552
2018-02-13,0.19049701760563953
2018-02-14,0.16553792095211342
2018-02-22,0.08368840330672249
2018-02-23,-0.03799730631062668
2018-02-26,-0.01945116798083536
2018-02-27,0.020866756933214645
2018-02-28,0.000313936952003644
2018-03-01,0.005252327030051531
2018-03-02,0.07380122457129958
2018-03-05,0.09052342907164726
2018-03-06,0.04400891600828849
2018-03-07,0.02138465241372733
2018-03-08,0.010658735003377074
2018-03-09,-0.009139538572878582
2018-03-12,-0.05126983453546345
2018-03-13,-0.10321628090639388
2018-03-14,-0.07746504900694345
2018-03-15,-0.04802149934833482
2018-03-16,-0.056690664069403984
2018-03-19,0.018613647509603305
2018-03-20,0.011288463089941914
2018-03-21,0.0511049180932778
2018-03-22,0.011288534105250157
2018-03-23,0.17356844988409237
2018-03-26,0.10865969325260649
2018-03-27,0.005365915200816273
2018-03-28,-0.023697190943559935
2018-03-29,-0.06590663065004589
2018-03-30,-0.12391619180369569
2018-04-02,-0.16146261222011937
2018-04-03,-0.1114397658275578
2018-04-04,-0.06002335290487669
2018-04-09,-0.07386841585144316
2018-04-10,-0.05195902568916928
2018-04-11,-0.07764246704223743
2018-04-12,-0.09277555227571624
2018-04-13,-0.06483790306616449
2018-04-16,-0.12159735301277969
2018-04-17,-0.0780866552115362
2018-04-18,-0.1731497587337081
2018-04-19,-0.12116866552096542
2018-04-20,-0.07898283510904283
2018-04-23,-0.052885263007230836
2018-04-24,-0.06312820573981515
2018-04-25,-0.12540740084308838
2018-04-26,-0.10285553781008824
2018-04-27,-0.12087712737602525
2018-05-02,-0.11131231991161203
2018-05-03,-0.12157333373496315
2018-05-04,-0.1401210671559694
2018-05-07,-0.17253812306432087
2018-05-08,-0.12061330625085101
2018-05-09,-0.1013442980296511
2018-05-10,-0.10221430987009379
2018-05-11,-0.04771555583343389
2018-05-14,-0.0200120094755386
2018-05-15,-0.04791584621292749
2018-05-16,-0.06176376947516993
2018-05-17,-0.02520930806528129
2018-05-18,-0.036427245650260336
2018-05-21,-0.07831090557117121
2018-05-22,-0.02464183491193136
2018-05-23,-0.054413826229880745
2018-05-24,-0.02875138326527403
2018-05-25,-0.0002409323238053256
2018-05-28,0.04250058787369776
2018-05-29,0.056856516090118825
2018-05-30,0.0406225220883669
2018-05-31,0.07052476626966152
2018-06-01,0.10976227033971328
2018-06-04,0.12461003015719871
2018-06-05,0.06817334793438971
2018-06-06,0.018104660642104593
2018-06-07,0.041901411453510146
2018-06-08,0.029237005791683056
2018-06-11,0.07834848647133727
2018-06-12,0.06602960517812514
2018-06-13,0.1129282948611829
2018-06-14,0.13001857864450145
2018-06-15,0.16010764164773886
2018-06-19,0.16352480575220116
2018-06-20,0.10479354417600324
2018-06-21,0.134915254917581
2018-06-22,0.12391099662318106
2018-06-25,0.0924960258842772
2018-06-26,0.0704029421362356
2018-06-27,0.0760565743544342
2018-06-28,0.08257821034020348
2018-06-29,0.021153058973606965
2018-07-02,-0.033132979003290645
2018-07-03,-0.08450694427474346
2018-07-04,-0.042578825679935824
2018-07-05,0.0011902678978279763
2018-07-06,-0.07129389644117029
2018-07-09,-0.13695306861587273
2018-07-10,-0.12644475393138957
2018-07-11,-0.14854509721704698
2018-07-12,-0.1286414442897787
2018-07-13,-0.1341594474373667
2018-07-16,-0.10473203058205766
2018-07-17,-0.20407509157133005
2018-07-18,-0.2064982665939552
2018-07-19,-0.23531015995863402
2018-07-20,-0.2640501436336661
2018-07-23,-0.24420384033712583
2018-07-24,-0.20711616813501552
2018-07-25,-0.24607893034925218
2018-07-26,-0.18235019510849151
2018-07-27,-0.1758849161259636
2018-07-30,-0.09021406060526975
2018-07-31,-0.08587152546890559
2018-08-01,-0.07160605021199652
2018-08-02,-0.13344914676660682
2018-08-03,-0.08442048094061236
2018-08-06,0.004706088897829273
2018-08-07,0.0006767953544287714
2018-08-08,0.07083593081023655
2018-08-09,0.0047919935374696595
2018-08-10,-0.015358617616826848
2018-08-13,-0.10215502520929619
2018-08-14,-0.0850602678369317
2018-08-15,-0.09221599842007694
2018-08-16,-0.07833193524066621
2018-08-17,-0.06010946972776288
2018-08-20,-0.09683610489741838
2018-08-21,-0.0905812890610271
2018-08-22,-0.04489378301564941
2018-08-23,-0.06243881783019081
2018-08-24,-0.03730490856421377
2018-08-27,-0.0739050269075078
2018-08-28,-0.05641357710670504
2018-08-29,-0.04724178221446386
2018-08-30,-0.019633084441732708
2018-08-31,-0.05079059186995423
2018-09-03,-0.09154787958383703
2018-09-04,-0.1629393010686091
2018-09-05,-0.1210203069322269
2018-09-06,-0.03861195606217133
2018-09-07,-0.057872682300590485
2018-09-10,-0.018778476907659866
2018-09-11,-0.026666762969624298
2018-09-12,-0.02362780954456214
2018-09-13,0.018956604324281225
2018-09-14,0.11093878929669826
2018-09-17,0.116450795973455
2018-09-18,0.038031100809405166
2018-09-19,-0.03361671347755544
2018-09-20,-0.09528594741666069
2018-09-21,-0.10986885636418722
2018-09-25,-0.12813655366083193
2018-09-26,-0.1415241962173035
2018-09-27,-0.09496548258352162
2018-09-28,-0.06716229135294628
2018-10-08,-0.008784486110918163
2018-10-09,-0.027423022106506094
2018-10-10,2.597787373927997e-05
2018-10-11,0.06087522697995281
2018-10-12,0.06155700656499882
2018-10-15,0.09697258654069557
2018-10-16,0.09037831230674008
2018-10-17,0.11069889479340775
2018-10-18,0.1287791814860961
2018-10-19,0.083102906501444
2018-10-22,0.10182868444585272
2018-10-23,0.05212922401567187
2018-10-24,0.08049679918247477
2018-10-25,0.10487351176292992
2018-10-26,0.09233662829986987
2018-10-29,0.09547956469409902
2018-10-30,0.0922390319522989
2018-10-31,0.11330996110374188
2018-11-01,0.05542356519277328
2018-11-02,0.01333568159206159
2018-11-05,0.06400944630257885
2018-11-06,0.10141191165652641
2018-11-07,0.06292161619565952
2018-11-08,-0.065944994131243
2018-11-09,-0.11646038113142786
2018-11-12,-0.14130808934490557
2018-11-13,-0.15493009767437033
2018-11-14,-0.14067451911014403
2018-11-15,-0.13903781552843203
2018-11-16,-0.20389562668102726
2018-11-19,-0.22697257789774086
2018-11-20,-0.2132624327502001
2018-11-21,-0.26803809154348474
2018-11-22,-0.22178959465820897
2018-11-23,-0.19368914641864482
2018-11-26,-0.2235796352484062
2018-11-27,-0.24483770567825172
2018-11-28,-0.24152988830091965
2018-11-29,-0.24008673877388145
2018-11-30,-0.21394034150952618
2018-12-03,-0.18170444294419552
2018-12-04,-0.23642766137741086
2018-12-05,-0.13072347823327102
2018-12-06,-0.05711947220750125
2018-12-07,-0.031013304876300746
2018-12-10,-0.008683192372290847
2018-12-11,-0.06895754478786022
2018-12-12,-0.04077017194653703
2018-12-13,-0.017967181243486997
2018-12-14,0.0760690366659597
2018-12-17,0.06232767838678141
2018-12-18,0.060938162988707606
2018-12-19,0.04867411847758795
2018-12-20,0.008010207802371503
2018-12-21,0.028989963573845916
2018-12-24,-0.010252481433191865
2018-12-25,-0.039102619865149305
2018-12-26,-0.07747886571808411
2018-12-27,-0.06003731663314451
2018-12-28,-0.10232381497649908
2019-01-02,-0.14018961417227074
2019-01-03,-0.0902541518412904
2019-01-04,-0.09032100899115529
2019-01-07,-0.08764672769225228
2019-01-08,-0.08939511862034707
2019-01-09,-0.08446201417750698
2019-01-10,-0.0299834926772819
2019-01-11,0.0014609209406428317
2019-01-14,0.048574892408869225
2019-01-15,0.10102720790751997
2019-01-16,0.10920750400790183
2019-01-17,0.12510970820460154
2019-01-18,0.1977650586491624
2019-01-21,0.217362558649125
2019-01-22,0.1898778854382949
2019-01-23,0.18543763240800304
2019-01-24,0.16479532795778587
2019-01-25,0.1946016988677651
2019-01-28,0.23338893763914054
2019-01-29,0.2885151904216023
2019-01-30,0.3171978541465245
2019-01-31,0.3732601414865091
2019-02-01,0.29899989010227224
2019-02-11,0.32367887646841714
2019-02-12,0.3026249857986102
2019-02-13,0.31443773590391416
2019-02-14,0.266220326844744
2019-02-15,0.25438681392237394
2019-02-18,0.23039222200877046
2019-02-19,0.2152177686535145
2019-02-20,0.189138865160788
2019-02-21,0.1859632980611823
2019-02-22,0.1487124557491512
2019-02-25,0.08247838564459575
2019-02-26,0.03965916516987008
2019-02-27,-0.011479597791140453
2019-02-28,0.026732505911145017
2019-03-01,0.033500270219633234
2019-03-04,0.004522735107634765
2019-03-05,-0.06677304953806754
2019-03-06,-0.13572154866206965
2019-03-07,-0.1840918997827995
2019-03-08,-0.1666372885758955
2019-03-11,-0.16324882669346732
2019-03-12,-0.23675721458488777
2019-03-13,-0.21735724072291654
2019-03-14,-0.13558847955941108
2019-03-15,-0.1089565604735982
2019-03-18,-0.0622211850898957
2019-03-19,-0.08153637720661737
2019-03-20,-0.10737681697172671
2019-03-21,-0.1543926729591753
2019-03-22,-0.11712090112054097
2019-03-25,-0.10619982104916573
2019-03-26,-0.07420298851352766
2019-03-27,-0.08346652524308114
2019-03-28,-0.05098732534480391
2019-03-29,-0.2051081590915434
2019-04-01,-0.24551682117222728
2019-04-02,-0.31359147945266075
2019-04-03,-0.305110419728564
2019-04-04,-0.2854499934560893
2019-04-08,-0.24398166784001082
2019-04-09,-0.1948580163317448
2019-04-10,-0.1794641120828862
2019-04-11,-0.1434852583039405
2019-04-12,-0.09914878442882395
2019-04-15,-0.1038518552862219
2019-04-16,-0.1913184580856606
2019-04-17,-0.23151485179376446
2019-04-18,-0.21658564474867129
2019-04-19,-0.2298817249456169
2019-04-22,-0.26054733227854815
2019-04-23,-0.29298075154162534
2019-04-24,-0.2736595379680848
2019-04-25,-0.2582515219584286
2019-04-26,-0.23981640461421602
2019-04-29,-0.14325578615414708
2019-04-30,-0.14160080189292465
2019-05-06,-0.10190460881334157
2019-05-07,-0.11784034207962048
2019-05-08,-0.12334809643515292
2019-05-09,-0.16431625555380733
2019-05-10,-0.1784094145728266
2019-05-13,-0.12240846615879064
2019-05-14,-0.13143147013755416
2019-05-15,-0.11894626505784403
2019-05-16,-0.1362743208133041
2019-05-17,-0.09039837822244724
2019-05-20,-0.07163568107307794
2019-05-21,-0.07728813389097638
2019-05-22,-0.06826124269082197
2019-05-23,0.028818683782306394
2019-05-24,0.0860052558167322
2019-05-27,-0.005505785937823094
2019-05-28,-0.029883171228915765
2019-05-29,-0.007646670931500712
2019-05-30,-0.025665836399968608
2019-05-31,0.031659883904894194
2019-06-03,0.043892663668439906
2019-06-04,0.05293776007497874
2019-06-05,-0.002056296610601083
2019-06-06,0.05386413437706047
2019-06-10,-0.001939247264802216
2019-06-11,-0.021074665712884598
2019-06-12,-0.04241949269655942
2019-06-13,-0.0756199857673843
2019-06-14,-0.032218788977816645
2019-06-17,-6.305089628398746e-05
2019-06-18,0.02286529007593042
2019-06-19,0.027399900110045523
2019-06-20,0.02603870930457757
2019-06-21,-0.009372327976658774
2019-06-24,-0.0603332659840455
2019-06-25,-0.06441696405892956
2019-06-26,-0.04226028527261169
2019-06-27,-0.06670129235961171
2019-06-28,-0.06641161265286798
2019-07-01,-0.07090174561430265
2019-07-02,-0.06855486262708159
2019-07-03,-0.051251766477265516
2019-07-04,-0.014319463058934907
2019-07-05,-0.044596119311993955
2019-07-08,-0.02373335356729417
2019-07-09,-0.010749380996868335
2019-07-10,0.016024399007857553
2019-07-11,0.041004134245279565
2019-07-12,0.064509892415573
2019-07-15,0.08852652696905654
2019-07-16,0.09500037348558006
2019-07-17,0.10681980179158526
2019-07-18,0.14338095791201122
2019-07-19,0.15206023535232577
2019-07-22,0.18509456920895465
2019-07-23,0.18853791224593547
2019-07-24,0.18604352563867654
2019-07-25,0.16191903591894463
2019-07-26,0.16794915699605273
2019-07-29,0.1446208005499899
2019-07-30,0.15535408366212064
2019-07-31,0.15432768550637474
2019-08-01,0.15828197339164632
2019-08-02,0.1382932488710498
2019-08-05,0.15550703864513155
2019-08-06,0.1966590654641312
2019-08-07,0.19083573269996884
2019-08-08,0.2184249067752713
2019-08-09,0.21649290214977138
2019-08-12,0.22412523328593933
2019-08-13,0.18309986307655882
2019-08-14,0.18542107721704368
2019-08-15,0.12575414000230475
2019-08-16,0.15157247828174147
2019-08-19,0.1652724197818625
2019-08-20,0.17788923980524676
2019-08-21,0.19322660661451346
2019-08-22,0.19778521167089558
2019-08-23,0.22907693212214397
2019-08-26,0.21026142077828838
2019-08-27,0.1426009224259279
2019-08-28,0.048292949642418634
2019-08-29,0.06132207963653127
2019-08-30,0.07323182673104979
2019-09-02,0.007427321656253617
2019-09-03,-0.04176174289178854
2019-09-04,0.002036603184883478
2019-09-05,-0.055046400915623156
2019-09-06,-0.02418486662031348
2019-09-09,-0.1686807500733919
2019-09-10,-0.16513918321931137
2019-09-11,-0.10591854802220434
2019-09-12,-0.11841981639646167
2019-09-16,-0.16290631555247906
2019-09-17,-0.13322002970381672
2019-09-18,-0.15816469807684086
2019-09-19,-0.21328372855728311
2019-09-20,-0.2041231041233109
2019-09-23,-0.16064821131599943
2019-09-24,-0.2053754502502852
2019-09-25,-0.13866469029228945
2019-09-26,-0.03328791945851672
2019-09-27,-0.09068853922161375
2019-09-30,0.009254960788974956
2019-10-08,0.049629994805619776
2019-10-09,0.014657445358196962
2019-10-10,-0.00023814080709793413
2019-10-11,0.04419615116655274
2019-10-14,-0.0031874589438385427
2019-10-15,0.05800774838609913
2019-10-16,0.09668951958076144
2019-10-17,0.12205817226873539
2019-10-18,0.140582741586004
2019-10-21,0.16178775928178285
2019-10-22,0.18513005999403462
2019-10-23,0.21024570158064748
2019-10-24,0.1987246292512952
2019-10-25,0.12819325778109525
2019-10-28,-0.09723918996991938
2019-10-29,-0.05150539198669512
2019-10-30,-0.03970194660231025
2019-10-31,0.004869920062184334
2019-11-01,-0.010031853201019044
2019-11-04,-0.031632631487572734
2019-11-05,-0.03112635217761812
2019-11-06,-0.00234330275865242
2019-11-07,0.01694045514574249
2019-11-08,0.05430325776775888
2019-11-11,0.07380442511679278
2019-11-12,0.0728508151552066
2019-11-13,0.06083876065570273
2019-11-14,0.052352629195591936
2019-11-15,0.06948317149704801
2019-11-18,0.12425178082787991
2019-11-19,0.07743058251458282
2019-11-20,0.09616237005795909
2019-11-21,0.13004230274768036
2019-11-22,0.1328326396457937
2019-11-25,0.21735589374563008
2019-11-26,0.20233837705692012
2019-11-27,0.2218638534072906
2019-11-28,0.20255729519369747
2019-11-29,0.1740260132542076
2019-12-02,0.13321263668019273
2019-12-03,0.13780071144917155
2019-12-04,0.17603350527199
2019-12-05,0.1664046375965406
2019-12-06,0.16423791872100296
2019-12-09,0.15763770355530987
2019-12-10,0.09371693058869442
2019-12-11,0.13558708138109196
2019-12-12,0.11273181173008655
2019-12-13,0.15872693809930902
2019-12-16,0.09909179713483837
2019-12-17,0.13537091833797152
2019-12-18,0.13373696655704845
2019-12-19,0.13153408095839594
2019-12-20,0.16647783798293483
2019-12-23,0.19724422769059444
2019-12-24,0.2297314654233933
2019-12-25,0.1539418456733796
2019-12-26,0.10996068624590306
2019-12-27,0.14605661991048896
2019-12-30,0.1583019807565127
2019-12-31,0.20450447760067286
2020-01-02,0.1992132755777546
2020-01-03,0.20070851554104185
2020-01-06,0.1923401370007585
2020-01-07,0.21939209428616774
2020-01-08,0.21709357026237242
2020-01-09,0.24137250604715632
2020-01-10,0.28057898117884444
2020-01-13,0.31768712872205057
2020-01-14,0.30802866547298713
2020-01-15,0.323309992511839
2020-01-16,0.3471142677191726
2020-01-17,0.37354321653225536
2020-01-20,0.3838714528401335
2020-01-21,0.3362867737762538
2020-01-22,0.2977788352580709
2020-01-23,0.2636490433350321
2020-02-03,0.22720085926639788
2020-02-04,0.21009458937420936
2020-02-05,0.09370157103986294
2020-02-06,0.005826235547202613
2020-02-07,-0.04680998823721215
2020-02-10,-0.06340564345202289
2020-02-11,0.0018045091088128092
2020-02-12,-0.07699612901466425
2020-02-13,-0.09069131114346869
2020-02-14,-0.07096613296864891
2020-02-17,-0.12310008538250339
2020-02-18,-0.1842049209890387
2020-02-19,-0.13617435519455598
2020-02-20,-0.08245331724822527
2020-02-21,-0.15400521046040438
2020-02-24,-0.2888634128000246
2020-02-25,-0.40524644368722595
2020-02-26,-0.3071373694033189
2020-02-27,-0.2953075874353699
2020-02-28,-0.32755737028173976
2020-03-02,-0.35790570575567204
2020-03-03,-0.38054626852065976
2020-03-04,-0.3315518883885787
2020-03-05,-0.2536398117534733
2020-03-06,-0.2818840219660682
2020-03-09,-0.17433442350777797
2020-03-10,-0.25458170765311705
2020-03-11,-0.16966127174157836
2020-03-12,-0.23899245415252277
2020-03-13,-0.2828831967033908
2020-03-16,-0.1278414677367161
2020-03-17,-0.14287558229523503
2020-03-18,-0.11048118923945825
2020-03-19,-0.15267040057461925
2020-03-20,-0.03981161703408104
2020-03-23,0.07883379180054574
2020-03-24,0.10671810832495299
2020-03-25,0.046736672590092544
2020-03-26,0.02882977094096186
2020-03-27,0.0663551905987666
2020-03-30,0.12427636144474767
2020-03-31,0.10681638854009408
2020-04-01,0.15937594784840983
2020-04-02,0.1603127658267799
2020-04-03,0.15493897874698317
2020-04-07,0.09273309898661662
2020-04-08,0.07479865404473203
2020-04-09,0.07427766400045888
2020-04-10,0.15610337700910706
2020-04-13,0.18425283097313944
2020-04-14,0.1309493158942349
2020-04-15,0.04967408760533953
2020-04-16,0.05187200088675835
2020-04-17,0.0346222431794602
2020-04-20,-0.05003035184737725
2020-04-21,-0.09351409367955175
2020-04-22,-0.13222079456613278
2020-04-23,-0.06535737969439913
2020-04-24,-0.06017980243969451
2020-04-27,-0.0630787148101141
2020-04-28,-0.028758470289845663
2020-04-29,0.0702220061554484
2020-04-30,0.05662933402694251
2020-05-06,0.047245508423155766
2020-05-07,0.04726406104956111
2020-05-08,0.05310780561249415
2020-05-11,0.03589777021459766
2020-05-12,0.019141459427903296
2020-05-13,0.0030464524072513228
2020-05-14,0.008932195238748896
2020-05-15,0.014218162399228967
2020-05-18,0.05709673256384244
2020-05-19,0.05692195934648239
2020-05-20,0.10034454694376527
2020-05-21,0.11756914349426767
2020-05-22,0.13866046818864652
2020-05-25,0.18414400265880784
2020-05-26,0.16383896488142624
2020-05-27,0.19905263612539298
2020-05-28,0.23517560388659145
2020-05-29,0.23275532085718528
2020-06-01,0.17511300482453881
2020-06-02,0.1494700466463962
2020-06-03,0.09377749249540507
2020-06-04,0.006360284923827358
2020-06-05,0.06170904420758472
2020-06-08,0.08034004469510435
2020-06-09,0.10044290746675426
2020-06-10,0.1365003513806216
2020-06-11,0.1325859904284091
2020-06-12,0.09244971664725753
2020-06-15,0.06926482476818642
2020-06-16,-0.026360210996319498
2020-06-17,-0.012600122698280107
2020-06-18,-0.05120391851373849
2020-06-19,-0.03371150282099897
2020-06-22,-0.006438574405822787
2020-06-23,-0.018850114476373366
2020-06-24,-0.07188190576566582
2020-06-29,-0.09189406432740362
2020-06-30,-0.09098481726599025
2020-07-01,-0.04194449492309873
2020-07-02,-0.012593465079750083
2020-07-03,0.015387771224796695
2020-07-06,-0.0007542264153456467
2020-07-07,-0.0787212671308475
2020-07-08,-0.078889301436443
2020-07-09,-0.09484925120308894
2020-07-10,-0.1276109780328038
2020-07-13,-0.16457659493123267
2020-07-14,-0.17810028382182203
2020-07-15,-0.16763082440457946
2020-07-16,-0.12229455545927218
2020-07-17,-0.11747022695066535
2020-07-20,-0.061920307644604565
2020-07-21,-0.04054142095838845
2020-07-22,-0.1157746229269056
2020-07-23,-0.17197899617525
2020-07-24,-0.10653281769306291
2020-07-27,-0.115317420226839
2020-07-28,-0.13508043000575834
2020-07-29,-0.2536108921223234
2020-07-30,-0.2496931769974796
2020-07-31,-0.26834192247350636
2020-08-03,-0.2922857336299109
2020-08-04,-0.2304381393981658
2020-08-05,-0.2771564571808864
2020-08-06,-0.3009311946162688
2020-08-07,-0.28828163596223266
2020-08-10,-0.2917095397979656
2020-08-11,-0.28860784863129396
2020-08-12,-0.3129539963759966
2020-08-13,-0.2934203942175141
2020-08-14,-0.2362844956776257
2020-08-17,-0.22310467944461068
2020-08-18,-0.23608518168372206
2020-08-19,-0.18233131677941822
2020-08-20,-0.15013057115456888
2020-08-21,-0.1394481837815769
2020-08-24,-0.11809840855580521
2020-08-25,-0.09490288904848529
2020-08-26,-0.00799113438173575
2020-08-27,-0.026582742322511774
2020-08-28,-0.023880245104507137
2020-08-31,-0.07423296417699408
2020-09-01,-0.08477330946069571
2020-09-02,-0.06196428995150164
2020-09-03,0.019173981498329582
2020-09-04,0.06707488605427644
2020-09-07,0.14378747838691902
2020-09-08,0.1572126907692749
2020-09-09,0.2170305105504138
2020-09-10,0.2253756594157587
2020-09-11,0.17402149266435926
2020-09-14,0.14230437056870915
2020-09-15,0.08630092503949682
2020-09-16,0.09308169684624652
2020-09-17,0.011653554571577003
2020-09-18,0.0675778542823811
2020-09-21,0.08994169007129388
2020-09-22,0.1256807084841771
2020-09-23,0.06732246276065858
2020-09-24,0.09734797514121783
2020-09-25,0.12038654742882612
2020-09-28,0.1448874389410671
2020-09-29,0.09463829823076887
2020-09-30,0.09852604868078153
2020-10-09,0.0016184350709074658
2020-10-12,-0.005039746160151572
2020-10-13,-0.05255600224667236
2020-10-14,-0.1118340218863514
2020-10-15,-0.06862854182849815
2020-10-16,-0.014636388529096747
2020-10-19,-0.028726704903219567
2020-10-20,-0.09149496696812663
2020-10-21,-0.06181111082950831
2020-10-22,-0.02922632660111474
2020-10-23,0.027027269103007585
2020-10-26,-0.0025324166869040918
2020-10-27,0.008873740019777558
2020-10-28,-0.02650342497621912
2020-10-29,-0.05431715608274375
2020-10-30,-0.08897551569455306
2020-11-02,-0.1662982442229964
2020-11-03,-0.11184360009300305
2020-11-04,-0.1342411035287579
2020-11-05,-0.19943109288417676
2020-11-06,-0.13213665172246028
2020-11-09,-0.1325114866302029
2020-11-10,-0.07366399727375775
2020-11-11,0.008066022897359207
2020-11-12,-3.0768484922920694e-05
2020-11-13,0.003568654069487214
2020-11-16,0.10489808777016178
2020-11-17,0.16550846292910726
2020-11-18,0.19856952005453493
2020-11-19,0.19880621904338305
2020-11-20,0.18904309134591823
2020-11-23,0.2502666455970229
2020-11-24,0.20646220742849808
2020-11-25,0.2740832646914081
2020-11-26,0.2740337979052442
2020-11-27,0.3019416052182108
2020-11-30,0.31290995591438625
2020-12-01,0.2834774886593137
2020-12-02,0.31675739285976046
2020-12-03,0.33322984286734914
2020-12-04,0.33862349920627494
2020-12-07,0.3423955485249468
2020-12-08,0.31119063975369826
2020-12-09,0.32084742355721463
2020-12-10,0.3107419665244653
2020-12-11,0.2706649714336149
2020-12-14,0.24512255726245394
2020-12-15,0.22046570716219055
2020-12-16,0.13634239467761136
2020-12-17,0.12157478080519386
2020-12-18,0.11251840897901613
2020-12-21,0.04412171027356433
2020-12-22,0.09520750500153873
2020-12-23,0.08760503592926162
2020-12-24,0.08328437658324654
2020-12-25,0.0852628385997477
2020-12-28,0.03670939600780966
2020-12-29,0.12237634716036662
2020-12-30,0.03589470325706416
2020-12-31,-0.003393512406889891
2021-01-04,-0.09165965540576662
2021-01-05,-0.061339535296425794
2021-01-06,-0.05719814742307645
2021-01-07,-0.12441089585375248
2021-01-08,-0.15826302970010328
2021-01-11,-0.11871660226171221
2021-01-12,-0.09221180852456487
2021-01-13,-0.0649621442820537
2021-01-14,0.01440844532926786
2021-01-15,-0.012300827024394537
2021-01-18,-0.07478278577500497
2021-01-19,-0.02616996393717758
2021-01-20,-0.14326052843643428
2021-01-21,-0.20275218431300412
2021-01-22,-0.2754673771209375
2021-01-25,-0.2777588600218354
2021-01-26,-0.26386339497644967
2021-01-27,-0.24078680270445368
2021-01-28,-0.25620559821094446
2021-01-29,-0.24862128621189258
2021-02-01,-0.30402448647593383
2021-02-02,-0.3712299271433538
2021-02-03,-0.33777210700110527
2021-02-04,-0.28957714395251416
2021-02-05,-0.2203806484070467
2021-02-08,-0.26577250258408425
2021-02-09,-0.30767033462543386
2021-02-10,-0.2875822674405854
2021-02-18,-0.2826547782594331
2021-02-19,-0.29205494322968645
2021-02-22,-0.27734549929737873
2021-02-23,-0.33236046691212695
2021-02-24,-0.3421505585099588
2021-02-25,-0.30398546433462226
2021-02-26,-0.2385221066339482
2021-03-01,-0.29669108715813947
2021-03-02,-0.23663186822395568
2021-03-03,-0.3046217487259645
2021-03-04,-0.19206717655237493
2021-03-05,-0.1081897241435561
2021-03-08,0.027084229484933886
2021-03-09,0.07977862978216402
2021-03-10,0.045583781765468706
2021-03-11,-0.039812780060142834
2021-03-12,-0.0937804672967315
2021-03-15,-0.024302327562542057
2021-03-16,0.02996581410042563
2021-03-17,-0.016272492024314376
2021-03-18,-0.09096433452330858
2021-03-19,0.019797884676160143
2021-03-22,0.03086270193089572
2021-03-23,0.12177300347600466
2021-03-24,0.20638703858630644
2021-03-25,0.2507716709618863
2021-03-26,0.1835244296116864
2021-03-29,0.14404842666927917
2021-03-30,0.11975506196255338
2021-03-31,0.12011554648237006
2021-04-01,0.06892704746856829
2021-04-02,0.08668661610823292
2021-04-06,0.04855247172732095
2021-04-07,0.08575767880465271
2021-04-08,0.06224135858967845
2021-04-09,0.06898027102469874
2021-04-12,0.0592627763167793
2021-04-13,0.05228408294338378
2021-04-14,0.06397294356145192
2021-04-15,0.08196003617866222
2021-04-16,0.12436956087021282
2021-04-19,0.08151281911402168
2021-04-20,0.11953723815329056
2021-04-21,0.12005810545955847
2021-04-22,0.1103851593048032
2021-04-23,0.0890672228431554
2021-04-26,0.1306100815917752
2021-04-27,0.1508178891069091
2021-04-28,0.16761388719857512
2021-04-29,0.2156010122991705
2021-04-30,0.1819818458887281
2021-05-06,0.1763224628548253
2021-05-07,0.21100253278747974
2021-05-10,0.15375547434454218
2021-05-11,0.1459230092254468
2021-05-12,0.15315841544157857
2021-05-13,0.19357820098414266
2021-05-14,0.2167707819110729
2021-05-17,0.18997417858305668
2021-05-18,0.13919993016906854
2021-05-19,0.15473839307272802
2021-05-20,0.1738150498498522
2021-05-21,0.1658479318747133
2021-05-24,0.17789150519580169
2021-05-25,0.16526907916123687
2021-05-26,0.13465733075142247
2021-05-27,0.139171556724379
2021-05-28,0.1367179990299038
2021-05-31,0.11238344954092622
2021-06-01,0.10054456896385983
2021-06-02,0.09819057117705328
2021-06-03,0.12025378425211011
2021-06-04,0.15431887126176813
2021-06-07,0.1434437161048412
2021-06-08,0.2014981543492001
2021-06-09,0.19427089013450005
2021-06-10,0.17559938072642212
2021-06-11,0.23163479812690715
2021-06-15,0.23775105969831278
2021-06-16,0.28165655908887977
2021-06-17,0.22726813267326296
2021-06-18,0.1798255164309922
2021-06-21,0.14934073447239646
2021-06-22,0.19182333121524603
2021-06-23,0.2250009919108835
2021-06-24,0.2659063471565169
2021-06-25,0.24301392173981656
2021-06-28,0.19891404566681503
2021-06-29,0.15344810728868682
2021-06-30,0.12882005403732127
2021-07-01,0.22435537806442205
2021-07-02,0.22530878230636114
2021-07-05,0.2163128731740002
2021-07-06,0.19676748215573395
2021-07-07,0.22935159767167818
2021-07-08,0.19468933655239326
2021-07-09,0.2131804575367571
2021-07-12,0.14241175177532003
2021-07-13,0.14535773960640133
2021-07-14,0.17746558754801434
2021-07-15,0.1625230778815293
2021-07-16,0.1633180868708439
2021-07-19,0.1103322629041827
2021-07-20,0.05278745533285315
2021-07-21,-0.04786148384559068
2021-07-22,-0.01629103916176087
2021-07-23,0.005299339004697464
2021-07-26,0.03583839084352277
2021-07-27,0.173279804881677
2021-07-28,0.18294056510432594
2021-07-29,0.031307715433660774
2021-07-30,0.055217422499075706
2021-08-02,0.07886521097048456
2021-08-03,0.13483725947600972
2021-08-04,-0.053226400842395466
2021-08-05,-0.024947333646735275
2021-08-06,-0.13391676624402193
2021-08-09,-0.09862567745412823
2021-08-10,-0.03632275325186386
2021-08-11,-0.05843646872151218
2021-08-12,-0.08639128175208349
2021-08-13,-0.0599428311342454
2021-08-16,-0.02003516173226663
2021-08-17,0.03161778015884974
2021-08-18,0.03582464201577189
2021-08-19,-0.0390216254003319
2021-08-20,-0.05363411806803969
2021-08-23,-0.07978212023244285
2021-08-24,-0.11463414828845885
2021-08-25,-0.13841963036141375
2021-08-26,-0.1395078686981069
2021-08-27,-0.17679488519886027
2021-08-30,-0.22209936616550152
2021-08-31,-0.16915831917749874
2021-09-01,-0.17760204455486933
2021-09-02,-0.2109152097305692
2021-09-03,-0.18786170043918138
2021-09-06,-0.17410356118610298
2021-09-07,-0.24264135768314574
2021-09-08,-0.147484176056756
2021-09-09,-0.08933478592651864
2021-09-10,-0.10723734474784069
2021-09-13,-0.08270607124244463
2021-09-14,-0.15506112579352327
2021-09-15,-0.2076807839748681
2021-09-16,-0.05052271609870517
2021-09-17,-0.05958445695112123
2021-09-22,-0.061761164962594026
2021-09-23,-0.07342717551469954
2021-09-24,-0.06853853363949039
2021-09-27,-0.011109429096283211
2021-09-28,-0.05807400878369681
2021-09-29,-0.019167424666856916
2021-09-30,-0.09322454699980959
2021-10-08,-0.06890310909400521
2021-10-11,0.0010394754468909578
2021-10-12,0.05353515710526911
2021-10-13,0.05322171609407454
2021-10-14,0.031189873587134296
2021-10-15,0.001773562463863579
2021-10-18,-0.13529930985116886
2021-10-19,-0.16957632281625235
2021-10-20,-0.14913527868610654
2021-10-21,-0.1010459952883813
2021-10-22,-0.04361545744173808
2021-10-25,-0.07255677186570939
2021-10-26,-0.07784927048687515
2021-10-27,-0.13987536544470885
2021-10-28,-0.09832071111631664
2021-10-29,-0.07121187139645911
2021-11-01,-0.01629699304489348
2021-11-02,-0.014100199280166483
2021-11-03,-0.03392231025856112
2021-11-04,-0.08827422834069334
2021-11-05,0.023369655007216678
2021-11-08,0.009755377745762612
2021-11-09,-0.04327224295352927
2021-11-10,0.02956961277789432
2021-11-11,0.03799679380809343
2021-11-12,0.040219313571514134
2021-11-15,0.11365781977034042
2021-11-16,0.13253176773345135
2021-11-17,0.056139793505391083
2021-11-18,0.028832287566056172
2021-11-19,-0.001538883807968216
2021-11-22,-0.14384966082397832
2021-11-23,-0.15840591130890103
2021-11-24,-0.1493667504023265
2021-11-25,-0.11317335966892964
2021-11-26,-0.1813315649715217
2021-11-29,-0.26737935074484803
2021-11-30,-0.2471390769052699
2021-12-01,-0.2181033615406434
2021-12-02,-0.1431330535978514
2021-12-03,-0.14100807000154292
2021-12-06,-0.16704475096259616
2021-12-07,-0.16736291056029537
2021-12-08,-0.1934462018508711
2021-12-09,-0.23048841026696137
2021-12-10,-0.25713336138015097
2021-12-13,-0.3068816990946139
2021-12-14,-0.26138416106859186
2021-12-15,-0.29418686951691636
2021-12-16,-0.22168286385886066
2021-12-17,-0.16005815791041464
2021-12-20,-0.14673441598599174
2021-12-21,-0.1700378401626305
2021-12-22,-0.2307362501973049
2021-12-23,-0.2608689881686171
2021-12-24,-0.16823355917181118
2021-12-27,-0.181512682293429
2021-12-28,-0.2011071963598073
2021-12-29,-0.22916034935877375
2021-12-30,-0.276524917063258
2021-12-31,-0.31195136708121846
2022-01-04,-0.29901124974356874
2022-01-05,-0.20058020523993345
2022-01-06,-0.262225199954056
2022-01-07,-0.22368997592376685
2022-01-10,-0.2042058582248481
2022-01-11,-0.13182945815060762
2022-01-12,-0.18506509485701997
2022-01-13,-0.09013958545073757
2022-01-14,-0.18367791390530908
2022-01-17,-0.19589288046023154
2022-01-18,-0.16493724813003263
2022-01-19,-0.0839936023709539
2022-01-20,-0.038014876712918616
2022-01-21,0.022036899972769076
2022-01-24,0.0015427241699145907
2022-01-25,0.06685598115332383
2022-01-26,0.07129908630627106
2022-01-27,0.04869670475511767
2022-01-28,0.07067022632912018
2022-02-07,0.14623444151798107
2022-02-08,0.1410279256516506
2022-02-09,0.13257362686515928
2022-02-10,0.1832911625944416
2022-02-11,0.22189019410411903
2022-02-14,0.18070077613911814
2022-02-15,0.17038886003081097
2022-02-16,0.1840392564632402
2022-02-17,0.19845043054468584
2022-02-18,0.1618647798502342
2022-02-21,0.13506782103853526
2022-02-22,0.09430447218880517
2022-02-23,0.07887891125183807
2022-02-24,0.08743331418668339
2022-02-25,0.05536773956450256
2022-02-28,0.04332407027722781
2022-03-01,0.01703325487530689
2022-03-02,0.05595147487929407
2022-03-03,0.07562555318027404
2022-03-04,0.07238197469507156
2022-03-07,0.016355773556616587
2022-03-08,0.03305224163314355
2022-03-09,-0.07531836824943208
2022-03-10,-0.1407448579759899
2022-03-11,-0.1656939376086891
2022-03-14,-0.19494777191555596
2022-03-15,-0.07662533714081131
2022-03-16,-0.14199039487425877
2022-03-17,-0.16565896062124136
2022-03-18,-0.16526027403442764
2022-03-21,-0.22467979676445513
2022-03-22,-0.2234728173327386
2022-03-23,-0.2164081676473892
2022-03-24,-0.22562841346849855
2022-03-25,-0.19687872651440338
2022-03-28,-0.17477700053634476
2022-03-29,-0.16551309212126358
2022-03-30,-0.15823519519353824
2022-03-31,-0.14166801039401114
2022-04-01,-0.12133432644669331
2022-04-06,-0.08261347024679207
2022-04-07,-0.07528742302747536
2022-04-08,-0.043025736545422584
2022-04-11,-0.047349427836630396
2022-04-12,-0.009190633899355465
2022-04-13,0.02660072134933678
2022-04-14,0.0030462593331548886
2022-04-15,-0.023532370669040546
2022-04-18,0.009747149956312037
2022-04-19,0.008738526816258994
2022-04-20,0.03922096137284959
2022-04-21,0.03777177851215204
2022-04-22,0.061477486646577574
2022-04-25,0.09975362589502396
2022-04-26,0.1052055068379405
2022-04-27,0.12834274663357878
2022-04-28,0.10404305337891048
2022-04-29,0.1048903802910409
2022-05-05,0.08550482912771037
2022-05-06,0.12105052712978628
2022-05-09,0.12118620387385681
2022-05-10,0.10651426490373776
2022-05-11,0.04413532748612551
2022-05-12,0.05155010447689315
2022-05-13,0.0658867932590286
2022-05-16,0.03447539502888646
2022-05-17,-0.020972775532400467
2022-05-18,0.013027518004158132
2022-05-19,0.011937715284223193
2022-05-20,0.058835878897796456
2022-05-23,0.031172822886305865
2022-05-24,0.09813859627059944
2022-05-25,0.1290337699520551
2022-05-26,0.13233589770282012
2022-05-27,0.1291729296727246
2022-05-30,0.07737675238843184
2022-05-31,0.06321248757667738
2022-06-01,0.07260412346565705
2022-06-02,0.0931081156080733
2022-06-06,0.09355394528664988
2022-06-07,0.07799044631817374
2022-06-08,0.08976227425785901
2022-06-09,0.13733197636192584
2022-06-10,0.09875914963645632
2022-06-13,0.028200185546654672
2022-06-14,0.030609381896476006
2022-06-15,0.06778951283153058
2022-06-16,0.0615883894650035
2022-06-17,0.04588106247977206
2022-06-20,0.0328978250672422
2022-06-21,0.05451519033848127
2022-06-22,0.04083736081847993
2022-06-23,0.014596803517009658
2022-06-24,-0.02805478234647922
2022-06-27,-0.06731591851673366
2022-06-28,-0.04285856781732897
2022-06-29,0.08084779743721518
2022-06-30,0.08084206297267246
2022-07-01,0.10723769578097224
2022-07-04,0.11777707717864086
2022-07-05,0.11517435103997857
2022-07-06,0.08002482668360184
2022-07-07,0.014949472430282662
2022-07-08,0.03371709102691739
2022-07-11,0.08670433386078796
2022-07-12,0.14364262830137048
2022-07-13,0.1426935913209143
2022-07-14,0.05601093869985967
2022-07-15,-0.04977444211801605
2022-07-18,0.02601117751827696
2022-07-19,0.08203908155878371
2022-07-20,0.059748568504092305
2022-07-21,0.09213736889906435
2022-07-22,0.06551276122282908
2022-07-25,0.11675100102036415
2022-07-26,0.11433240466168557
2022-07-27,0.00681646051283975
2022-07-28,-0.012371240723245573
2022-07-29,-0.05819244043628349
2022-08-01,-0.0892876639009111
2022-08-02,-0.14418071052767997
2022-08-03,-0.2589018620348361
2022-08-04,-0.2583825694147584
2022-08-05,-0.19872467847055253
2022-08-08,-0.23973063426481567
2022-08-09,-0.1898595803950628
2022-08-10,-0.16513698616921285
2022-08-11,-0.17435339725993898
2022-08-12,-0.1844026836800433
2022-08-15,-0.2636110418409967
2022-08-16,-0.29147593707150776
2022-08-17,-0.38189163233268375
2022-08-18,-0.3906398088579305
2022-08-19,-0.3574825952270488
2022-08-22,-0.3126424995492241
2022-08-23,-0.37904823650822617
2022-08-24,-0.27857868087946724
2022-08-25,-0.2779252715070856
2022-08-26,-0.12778244087020854
2022-08-29,-0.17409538384144435
2022-08-30,-0.15666769907409817
2022-08-31,0.015912134306264043
2022-09-01,-0.062477607360113555
2022-09-02,-0.1439323791368967
2022-09-05,-0.13173389604480729
2022-09-06,-0.1690285143144457
2022-09-07,-0.23319873880746841
2022-09-08,-0.16972334039402331
2022-09-09,-0.1315526502881615
2022-09-13,-0.09634899414082104
2022-09-14,-0.08533930299172764
2022-09-15,0.0009309736767203649
2022-09-16,-0.025420588326829065
2022-09-19,-0.01067567699035666
2022-09-20,-0.014976201343892428
2022-09-21,-0.01194645959126933
2022-09-22,-0.11645944171038801
2022-09-23,-0.06869250207802942
2022-09-26,-0.1392771127777043
2022-09-27,-0.0791850935512105
2022-09-28,0.001763566760067182
2022-09-29,0.005755970833218072
2022-09-30,0.09772472857841259
2022-10-10,0.11867287224828316
2022-10-11,0.13047582343422784
2022-10-12,0.14317460155049624
2022-10-13,0.09023904814005528
2022-10-14,0.04285032970230707
2022-10-17,-0.003301369101753707
2022-10-18,-0.004136271927556327
2022-10-19,-0.016992187899231705
2022-10-20,-0.01602822233497783
2022-10-21,-0.030958855460650064
2022-10-24,-0.023379386098618463
2022-10-25,-0.07820499791147358
2022-10-26,-0.12892752516210873
2022-10-27,-0.0670687038527202
2022-10-28,-0.15467284529350606
2022-10-31,-0.1537219702588766
2022-11-01,-0.18067432338447612
2022-11-02,-0.22824279225351946
2022-11-03,-0.21862351608007052
2022-11-04,-0.25050721322793107
2022-11-07,-0.2820773495470523
2022-11-08,-0.28592645984430054
2022-11-09,-0.24863329206625975
2022-11-10,-0.23007782239727226
2022-11-11,-0.1429134679831676
2022-11-14,-0.09204911410027987
2022-11-15,-0.17441865575644905
2022-11-16,-0.15623612435821757
2022-11-17,-0.1289740899815132
2022-11-18,-0.1741392829006475
2022-11-21,-0.19850704064480093
2022-11-22,-0.1607493843233883
2022-11-23,-0.11310927190798359
2022-11-24,-0.14724706936758086
2022-11-25,-0.09721289243651465
2022-11-28,-0.06895955275383175
2022-11-29,-0.16261372820576056
2022-11-30,-0.19614740467668051
2022-12-01,-0.18396869599938115
2022-12-02,-0.21388314455751511
2022-12-05,-0.11795874013069983
2022-12-06,-0.07188753265407623
2022-12-07,-0.0631224604232807
2022-12-08,-0.06191851343283327
2022-12-09,-0.08930009643975487
2022-12-12,-0.11912907825051278
2022-12-13,-0.10280752556493085
2022-12-14,-0.10147062995257795
2022-12-15,-0.1428203546581737
2022-12-16,-0.1592958111577776
2022-12-19,-0.1890443080133498
2022-12-20,-0.15191396903135854
2022-12-21,-0.16938011409853035
2022-12-22,-0.1399324594529921
2022-12-23,-0.13096421100650815
2022-12-26,-0.1321963411201284
2022-12-27,-0.08232190664229419
2022-12-28,-0.0701018786483555
2022-12-29,-0.10875098125994183
2022-12-30,-0.10742575203964758
2023-01-03,-0.12866470807258784
2023-01-04,-0.11757252088284874
2023-01-05,-0.11108757033432104
2023-01-06,-0.12471376593902801
2023-01-09,-0.10560311572851247
2023-01-10,-0.11395970938681303
2023-01-11,-0.08884034871258967
2023-01-12,-0.14338851478275524
2023-01-13,-0.14929085348746654
2023-01-16,-0.17641696447656519
2023-01-17,-0.18624094830033258
2023-01-18,-0.17306467271609
2023-01-19,-0.1604319077266066
2023-01-20,-0.18440223874015274
2023-01-30,-0.21840946279968385
2023-01-31,-0.1722478797951986
2023-02-01,-0.17048927461893537
2023-02-02,-0.19400501769916112
2023-02-03,-0.26720217977445543
2023-02-06,-0.23867288776358808
2023-02-07,-0.26004452996222377
2023-02-08,-0.21179224821583958
2023-02-09,-0.22898726108410802
2023-02-10,-0.18226371781471032
2023-02-13,-0.15628665447838322
2023-02-14,-0.10810827073598687
2023-02-15,-0.22098997723603064
2023-02-16,-0.1864245525837086
2023-02-17,-0.039883875658655345
2023-02-20,-0.04732127876127906
2023-02-21,0.01679974225082162
2023-02-22,0.05625829434796633
2023-02-23,0.13031292477292575
2023-02-24,0.17057215540633308
2023-02-27,0.2404506600348406
2023-02-28,0.2193111858796383
2023-03-01,0.21272942454267738
2023-03-02,0.2053426736310199
2023-03-03,0.26484088545653134
2023-03-06,0.2969616175250123
2023-03-07,0.30694250561652936
2023-03-08,0.2953770215347619
2023-03-09,0.27806053404927833
2023-03-10,0.23622438542541632
2023-03-13,0.22550153005976387
2023-03-14,0.25822094780624544
2023-03-15,0.2401264769865947
2023-03-16,0.23123790242544529
2023-03-17,0.2142650850587617
2023-03-20,0.2195556757007164
2023-03-21,0.23037733266283378
2023-03-22,0.30577898804410947
2023-03-23,0.20667534331831477
2023-03-24,0.1888643239771442
2023-03-27,0.1386017359788555
2023-03-28,0.11907551574221466
2023-03-29,0.016719516955047302
2023-03-30,0.10622969780355049
2023-03-31,0.015701175469288484
2023-04-03,-0.08092553609976581
2023-04-04,-0.09386549654968517
2023-04-06,-0.13542146509246017
2023-04-07,-0.16121979174997111
2023-04-10,-0.1174688854195615
2023-04-11,-0.17325692074552662
2023-04-12,-0.2396151249626846
2023-04-13,-0.26881927185760357
2023-04-14,-0.2531285069593965
2023-04-17,-0.11858881648964825
2023-04-18,-0.12858279483905408
2023-04-19,-0.2221286578305698
2023-04-20,-0.34277934966120077
2023-04-21,-0.23581328789160283
2023-04-24,-0.25860686076533845
2023-04-25,-0.18188400114533476
2023-04-26,-0.10575294012276655
2023-04-27,0.04029605624993447
2023-04-28,0.029091281445840965
2023-05-04,0.14401696057244173
2023-05-05,0.14866390186387465
2023-05-08,0.1854810303416466
2023-05-09,0.18372300151197996
2023-05-10,0.20893906227021547
2023-05-11,0.1292659355627331
2023-05-12,0.2540918855976951
2023-05-15,0.23990490494128147
2023-05-16,0.28674850109897526
2023-05-17,0.2848944446365828
2023-05-18,0.24140746140003944
2023-05-19,0.2928307929299305
2023-05-22,0.350044327239769
2023-05-23,0.35404065161642295
2023-05-24,0.24868233629749256
2023-05-25,0.18860463626920182
2023-05-26,0.1620689380316262
2023-05-29,0.12070239093242965
2023-05-30,0.10089439164234802
2023-05-31,0.081090936321354
2023-06-01,0.02358342728734792
2023-06-02,0.05749041101097181
2023-06-05,-0.0018689176541016779
2023-06-06,0.016293203256521786
2023-06-07,-0.06303225877733837
2023-06-08,-0.018552968559525054
2023-06-09,-0.07938148000959154
2023-06-12,-0.11476826557113225
2023-06-13,-0.09686124363584331
2023-06-14,-0.10246589939356848
2023-06-15,-0.12332720667222133
2023-06-16,-0.19024771845594157
2023-06-19,-0.2652176523870279
2023-06-20,-0.3144629325272689
2023-06-21,-0.2880919913541559
2023-06-26,-0.2769812600205529
2023-06-27,-0.251522902360875
2023-06-28,-0.24205818021454614
2023-06-29,-0.28599934082165124
2023-06-30,-0.31527858113904117
2023-07-03,-0.27047847873137876
2023-07-04,-0.3068334471743447
2023-07-05,-0.27279938525120656
2023-07-06,-0.2849228178356407
2023-07-07,-0.20983974162255598
2023-07-10,-0.17460215973011173
2023-07-11,-0.19028736424593912
2023-07-12,-0.1835188534341132
2023-07-13,-0.20936913144404787
2023-07-14,-0.24555571428609485
2023-07-17,-0.2166632165791564
2023-07-18,-0.21864420803185972
2023-07-19,-0.25910411430007074
2023-07-20,-0.18551365150134397
2023-07-21,-0.20440149778029662
2023-07-24,-0.21324652395042687
2023-07-25,-0.10461779827089954
2023-07-26,-0.11559252739047804
2023-07-27,-0.06247991881069985
2023-07-28,-0.10184683698077347
2023-07-31,-0.11261612745369448
2023-08-01,0.004856510209806837
2023-08-02,0.025607965005817565
2023-08-03,-0.012260191067237133
2023-08-04,-0.06487539570046416
2023-08-07,-0.08843240945026305
2023-08-08,-0.10311802805882475
2023-08-09,-0.09687472112461314
2023-08-10,-0.10381737812197532
2023-08-11,-0.10394470862822437
2023-08-14,-0.1239252240394427
2023-08-15,-0.15766657521999367
2023-08-16,-0.1625228577067796
2023-08-17,-0.18448953276506
2023-08-18,-0.10811381277779078
2023-08-21,-0.08781318566307457
2023-08-22,-0.16308634068710268
2023-08-23,-0.12127531023365595
2023-08-24,-0.14905913783331534
2023-08-25,-0.014382560370940427
2023-08-28,-0.05485113805832028
2023-08-29,-0.10924434261482692
2023-08-30,-0.13846683727283002
2023-08-31,-0.1089838419240915
2023-09-01,-0.04045297334858814
2023-09-04,-0.016196439112123186
2023-09-05,0.04354384590852702
2023-09-06,-0.013243722563393045
2023-09-07,0.0010553773704259125
2023-09-08,-0.0224112936629626
2023-09-11,-0.001363368757733763
2023-09-12,0.014773380630076846
2023-09-13,0.03801358379232091
2023-09-14,0.042180317339875976
2023-09-15,0.02602500562002916
2023-09-18,0.06530334193917683
2023-09-19,0.10196207491229668
2023-09-20,0.10016881570685202
2023-09-21,0.11148649191464159
2023-09-22,0.11800689061210876
2023-09-25,0.11841261471172718
2023-09-26,0.06395741834729943
2023-09-27,0.036201146206126855
2023-09-28,0.05934600965139316
2023-10-09,0.11184700595249455
2023-10-10,0.10623370401777271
2023-10-11,0.12865703499132805
2023-10-12,0.08102082809066333
2023-10-13,0.008816895540951237
2023-10-16,0.07247171791537965
2023-10-17,0.12713387432083587
2023-10-18,0.11470273268202982
2023-10-19,0.11599305772729289
2023-10-20,0.17133273922422088
2023-10-23,0.16234272418540238
2023-10-24,0.12573751975931594
2023-10-25,0.06850710324021848
2023-10-26,0.09637732345182
2023-10-27,0.04557025182939046
2023-10-30,-0.022098853287489922
2023-10-31,0.012725954735045543
2023-11-01,0.05785031505332554
2023-11-02,0.09004310531763432
2023-11-03,0.07203008603582461
2023-11-06,-0.027811194514282895
2023-11-07,-0.07022718604236203
2023-11-08,-0.10712467204975645
2023-11-09,-0.05218576776491217
2023-11-10,-0.011511365466938997
2023-11-13,0.001547382464970318
2023-11-14,-0.05950587523591643
2023-11-15,-0.07001366977552745
2023-11-16,-0.08155817904242925
2023-11-17,-0.11147916733603074
2023-11-20,-0.1231561068293016
2023-11-21,-0.07624801582176394
2023-11-22,-0.0712860743019496
2023-11-23,-0.07702623309403481
2023-11-24,-0.10124603065911349
2023-11-27,-0.09587197264453995
2023-11-28,-0.14105829557616603
2023-11-29,-0.13504143305102667
2023-11-30,-0.10841182171686485
2023-12-01,-0.11676637465080769
2023-12-04,-0.22235898881104504
2023-12-05,-0.2564154765967826
2023-12-06,-0.2813458389849357
2023-12-07,-0.35128998356909547
2023-12-08,-0.35869804891249857
2023-12-11,-0.3773329981627999
2023-12-12,-0.384625816743414
2023-12-13,-0.3361284109654937
2023-12-14,-0.36356306652913756
2023-12-15,-0.35804705669868586
2023-12-18,-0.3512603235531594
2023-12-19,-0.3677898943899627
2023-12-20,-0.2945121816886258
2023-12-21,-0.3132156475286252
2023-12-22,-0.24863448989355189
2023-12-25,-0.21369210268911346
2023-12-26,-0.24304715465823373
2023-12-27,-0.23377765908020637
2023-12-28,-0.2746260224040819
2023-12-29,-0.4042240832740841
2024-01-02,-0.3860919528352815
2024-01-03,-0.3745597562525792
2024-01-04,-0.34438356698980077
2024-01-05,-0.3223917179776201
2024-01-08,-0.3532506774206706
2024-01-09,-0.34599094564962507
2024-01-10,-0.3423268081042189
2024-01-11,-0.3930850944750936
2024-01-12,-0.30708117525174067
2024-01-15,-0.3002506968207298
2024-01-16,-0.2935414586954858
2024-01-17,-0.23294891785893548
2024-01-18,-0.2692881067460255
2024-01-19,-0.22465777620658547
2024-01-22,-0.1667471452197252
2024-01-23,-0.29009431055156143
2024-01-24,-0.1496179898129068
2024-01-25,-0.08856485590906155
2024-01-26,-0.015686610186064053
2024-01-29,0.022569031982952216
2024-01-30,0.052454479664552585
2024-01-31,0.04519759491350797
2024-02-01,0.09263160881093858
2024-02-02,0.21256714558595366
2024-02-05,0.4110180960269333
2024-02-06,0.45040007045346747
2024-02-07,0.3266973170786335
2024-02-08,0.31863911265618095
2024-02-19,0.3903195343714371
2024-02-20,0.3907396734470156
2024-02-21,0.4128359888281202
2024-02-22,0.38889947008988984
2024-02-23,0.3126066410551347
2024-02-26,0.16507141654553806
2024-02-27,0.021666026414521096
2024-02-28,0.07777754163152417
2024-02-29,0.06811604659186773
2024-03-01,-0.00982219191855183
2024-03-04,0.013204891477250971
2024-03-05,0.04439714088320967
2024-03-06,-0.04434325521153546
2024-03-07,-0.04561010975771874
2024-03-08,-0.04814882810456731
2024-03-11,-0.1943649824200112
2024-03-12,-0.23453177905080994
2024-03-13,-0.2367766175454621
2024-03-14,-0.31504717086719386
2024-03-15,-0.37177180848349045
2024-03-18,-0.36189202215890914
2024-03-19,-0.3637660498443819
2024-03-20,-0.39477904490017957
2024-03-21,-0.4364030999581287
2024-03-22,-0.4299853102627192
2024-03-25,-0.3510972701858531
2024-03-26,-0.33996143735035217
2024-03-27,-0.20177935123232504
2024-03-28,-0.2376746932490299
2024-03-29,-0.26651664058574304
2024-04-01,-0.2826217489557647
2024-04-02,-0.21486498834745016
2024-04-03,-0.1826714403843362
2024-04-08,-0.1366240578924905
2024-04-09,-0.21808048186790746
2024-04-10,-0.21631728659067512
2024-04-11,-0.18796656565447542
2024-04-12,-0.19542199145125105
2024-04-15,-0.0918826827989508
2024-04-16,0.05276093831058797
2024-04-17,-0.027005207633919396
2024-04-18,-0.04983953347780057
2024-04-19,0.0016145868636140925
2024-04-22,-0.004183761601142732
2024-04-23,-0.07783657783228522
2024-04-24,-0.14600770492593917
2024-04-25,-0.14702422144990016
2024-04-26,-0.17816429846126922
2024-04-29,-0.22168390511746341
2024-04-30,-0.15587412898712635
2024-05-06,-0.1801859754816993
2024-05-07,-0.22955761879165323
2024-05-08,-0.22526386392551012
2024-05-09,-0.28323616070743185
2024-05-10,-0.23983655414784383
2024-05-13,-0.1276900213783394
2024-05-14,-0.10189104868537528
2024-05-15,-0.11928387463911796
2024-05-16,-0.12227800414275188
2024-05-17,-0.10956754621816317
2024-05-20,-0.10875674199778435
2024-05-21,-0.10399973483919935
2024-05-22,-0.13267866214551424
2024-05-23,-0.13364502495341002
2024-05-24,-0.10575108405057732
2024-05-27,-0.14650415734504074
2024-05-28,-0.11556003282990401
2024-05-29,-0.16499403733854737
2024-05-30,-0.11005114320472094
2024-05-31,-0.0849623668937764
2024-06-03,-0.115433024109464
2024-06-04,-0.12086054788947473
2024-06-05,-0.11511496987019426
2024-06-06,-0.0587849346319259
2024-06-07,-0.07411168800336752
2024-06-11,-0.09286006338154917
2024-06-12,-0.12294480012825688
2024-06-13,-0.11677988808324463
2024-06-14,-0.13058898927899884
2024-06-17,-0.1266495054183158
2024-06-18,-0.11207858323954913
2024-06-19,-0.1484333955790585
2024-06-20,-0.11129230817138569
2024-06-21,-0.07728989801683478
2024-06-24,0.009384376133141146
2024-06-25,0.04709886093386987
2024-06-26,-0.0063451941492777796
2024-06-27,0.014272539904796792
2024-06-28,0.0322979405412273
2024-07-01,0.07257141251597399
2024-07-02,0.08362322265378715
2024-07-03,0.09160944868583797
2024-07-04,0.12825073796528844
2024-07-05,0.08468279520454237
2024-07-08,0.07475122856046204
2024-07-09,0.10046891541128723
2024-07-10,0.0843472816941073
2024-07-11,0.06025298304372789
2024-07-12,0.021496603751364876
2024-07-15,0.03667747533389139
2024-07-16,-0.009514453353698398
2024-07-17,0.027395390142131496
2024-07-18,0.06273408992939489
2024-07-19,0.03609485805891564
2024-07-22,-0.04219755277760929
2024-07-23,-0.0533923327109777
2024-07-24,-0.002429397846190629
2024-07-25,-0.010615240206771402
2024-07-26,-0.030704956680798607
2024-07-29,-0.06814269854454695
2024-07-30,-0.13013260615026848
2024-07-31,-0.16877787219624654
2024-08-01,-0.11577331167332329
2024-08-02,-0.03407401053622642
2024-08-05,-0.0024386386847704378
2024-08-06,-0.02228051323857402
2024-08-07,-0.04407802990062884
2024-08-08,-0.006169732741998028
2024-08-09,-0.0023638925409584454
2024-08-12,0.007029879753372639
2024-08-13,0.027839056705565416
2024-08-14,0.050330684338116466
2024-08-15,0.05131204828918992
2024-08-16,0.04030118104274855
2024-08-19,0.055338804781845885
2024-08-20,0.05190125524973299
2024-08-21,0.029842424652458267
2024-08-22,0.061710548313088094
2024-08-23,0.07029469315503413
2024-08-26,0.06278700060006567
2024-08-27,0.08365144103226174
2024-08-28,0.07545421267481259
2024-08-29,0.10534770823998858
2024-08-30,0.17417500490514615
2024-09-02,0.17473300077762402
2024-09-03,0.14316586560851582
2024-09-04,0.12578777469301894
2024-09-05,0.15697112964889495
2024-09-06,0.19378882560978547
2024-09-09,0.17049421869669795
2024-09-10,0.17546550537237546
2024-09-11,0.17916929095433348
2024-09-12,0.19851973490860017
2024-09-13,0.23840460833968485
2024-09-18,0.23937128391804433
2024-09-19,0.27994551065868223
2024-09-20,0.3128682890181249
2024-09-23,0.3278021860536064
2024-09-24,0.3562554026941641
2024-09-25,0.3589919846039602
2024-09-26,0.32549172294380646
2024-09-27,0.2661735258885722
2024-09-30,0.22110026306232222
2024-10-08,0.03275054086449767
2024-10-09,0.03784420459523353
2024-10-10,0.1797109443971071
2024-10-11,0.2543310187854046
2024-10-14,0.28957148788849935
2024-10-15,0.27870693739307767
2024-10-16,0.3178153299884632
2024-10-17,0.24502072734594163
2024-10-18,0.04110674921362608
2024-10-21,-0.09143302840924898
2024-10-22,-0.0016250335168130452
2024-10-23,0.030864810820974822
2024-10-24,0.043972910558669115
2024-10-25,-0.05233313739193518
2024-10-28,-0.04685482154036804
2024-10-29,-0.0716816119418314
2024-10-30,-0.02638439011552101
2024-10-31,-0.08016926465098322
2024-11-01,0.05208054199166801
2024-11-04,0.050717088949521136
2024-11-05,-0.049933683517029225
2024-11-06,-0.11711566186497918
2024-11-07,-0.0521724245638355
2024-11-08,-0.0861858823694247
2024-11-11,-0.17041111759692992
2024-11-12,-0.09103925753307535
2024-11-13,-0.04142450703890549
2024-11-14,0.011237601584953686
2024-11-15,0.08140423709244655
2024-11-18,0.1385915645638258
2024-11-19,0.0058776997909710214
2024-11-20,-0.02010865727720991
2024-11-21,-0.0178678421448669
2024-11-22,0.05936152441475148
2024-11-25,-0.06485307897823722
2024-11-26,-0.0418717103609285
2024-11-27,-0.15364202709464092
2024-11-28,-0.10240594876389782
2024-11-29,-0.17117266910410536
2024-12-02,-0.26457779427723366
2024-12-03,-0.32351879673958805
2024-12-04,-0.3016644436132084
2024-12-05,-0.4288233112071976
2024-12-06,-0.46471184615074235
2024-12-09,-0.36077009397832366
2024-12-10,-0.3433371103092479
2024-12-11,-0.315159951856048
2024-12-12,-0.3381244903594316
2024-12-13,-0.38278594143743416
2024-12-16,-0.2500448348260613
2024-12-17,-0.16607621049361196
2024-12-18,-0.1557103415573769
2024-12-19,-0.17051781628888896
2024-12-20,-0.1990412311954303
2024-12-23,-0.012324799887910612
2024-12-24,0.003647350408734756
2024-12-25,0.03737219707020927
2024-12-26,0.025647441019691887
2024-12-27,-0.0647569779894987
2024-12-30,0.10310985580690561
2024-12-31,0.21923796922813024
2025-01-02,0.19027371215809585
2025-01-03,0.31731876435627426
2025-01-06,0.3766315442660053
2025-01-07,0.3209949453449387
2025-01-08,0.24370613740531674
2025-01-09,0.17251199974290127
2025-01-10,0.28336785781178153
2025-01-13,0.2678152226642908
2025-01-14,0.24824518117115466
2025-01-15,0.25923785246204756
2025-01-16,0.2631311724016807
2025-01-17,0.2788813528296552
2025-01-20,0.27869103941339485
2025-01-21,0.24320940340411923
2025-01-22,0.2222713556594396
2025-01-23,0.1568326988386489
2025-01-24,0.10255326224896513
2025-01-27,0.22799831083477523
2025-02-05,0.2714315311303664
2025-02-06,0.2620582582869695
2025-02-07,0.2089184826151752
2025-02-10,0.14635034544315176
2025-02-11,0.13030328450347323
2025-02-12,0.07815002310351186
2025-02-13,0.0164453664515653
2025-02-14,0.021428900507207974
2025-02-17,-0.05452487572887565
2025-02-18,0.025364118324987167
2025-02-19,-0.12532826884046577
2025-02-20,-0.18633644052869186
2025-02-21,-0.3587284330463523
2025-02-24,-0.37341300246251125
2025-02-25,-0.48481424388356703
2025-02-26,-0.46127627985340014
2025-02-27,-0.4486494256062111
2025-02-28,-0.3248526901259005
2025-03-03,-0.2755112588452967
2025-03-04,-0.4031636052462695
2025-03-05,-0.44447195970577674
2025-03-06,-0.5309831681214409
2025-03-07,-0.5380030803791096
2025-03-10,-0.5671558423419176
2025-03-11,-0.515805169359907
2025-03-12,-0.48690607090536697
2025-03-13,-0.38203335657928794
2025-03-14,-0.3638542777789189
2025-03-17,-0.34468747609182554
2025-03-18,-0.37472269293448257
2025-03-19,-0.3502454091784401
2025-03-20,-0.3419206139818838
2025-03-21,-0.2086505265293125
2025-03-24,-0.21266525289606655
2025-03-25,-0.07900678809636384
2025-03-26,-0.14848392157434373
2025-03-27,-0.14797479105679237
2025-03-28,-0.12986063071716653
2025-03-31,-0.09890034999614396
2025-04-01,0.0012702008370248329
2025-04-02,0.04596095728021808
2025-04-03,0.08973883320937467
2025-04-07,0.34046887026289313
2025-04-08,0.3004312356033038
2025-04-09,0.2784384688245308
2025-04-10,0.1846257009398266
2025-04-11,0.08201623164338961
2025-04-14,-0.018007024016347187
2025-04-15,0.031040956714493927
2025-04-16,0.09349061178400608
2025-04-17,0.10362770055261039
2025-04-18,0.07034597397912197
2025-04-21,-0.04190523761029233
2025-04-22,-0.019196127609762557
2025-04-23,-0.052078319621822286
2025-04-24,-0.02346591336306973
2025-04-25,-0.04128196197416144
2025-04-28,0.054548992914207
2025-04-29,-0.00717594975557207
2025-04-30,-0.044413810762143534
2025-05-06,-0.08596857263551355
2025-05-07,-0.00887324309147031
2025-05-08,-0.01363447354227906
2025-05-09,0.04410966835287226
2025-05-12,0.022817855359857843
2025-05-13,0.009057916829248972
2025-05-14,0.04682771005345282
2025-05-15,0.02927316502162597
2025-05-16,0.031213069083974677
2025-05-19,0.010012729834134815
2025-05-20,0.03487648584214496
2025-05-21,0.011873029171538428
2025-05-22,-0.015587655522617724
2025-05-23,0.04354763568773856
2025-05-26,0.049097056837719415
2025-05-27,0.06962081519821858
2025-05-28,0.0923870307530578
2025-05-29,0.09716697885427128
2025-05-30,0.18467037912913142
2025-06-03,0.16662433687910513
2025-06-04,0.07143673295839091
2025-06-05,0.06747586664196559
2025-06-06,0.07478031686448147
2025-06-09,0.012493572816811052
2025-06-10,0.03682440761406223
2025-06-11,0.036035982345860175
2025-06-12,-0.023475391186954835
2025-06-13,0.0020679596488159756
2025-06-16,-0.045065606861552136
2025-06-17,0.033909619102345065
2025-06-18,0.03197828861188792
2025-06-19,0.10467657045505803
2025-06-20,0.12371023038806207
2025-06-23,0.05257145144170966
2025-06-24,-0.001147685183399819
2025-06-25,-0.019991140900747724
2025-06-26,-0.021497356319152672
2025-06-27,-0.02329301253524748
2025-06-30,-0.004276438030573355
2025-07-01,0.033705013071142015
2025-07-02,0.08778666744647623
2025-07-03,0.10547456225563304
2025-07-04,0.08794614200618545
2025-07-07,0.10582789741421768
2025-07-08,0.07401260303213382
2025-07-09,0.10001192278930922
2025-07-10,0.09626188769760402
2025-07-11,0.10713976097436761
2025-07-14,0.15634864144031438
2025-07-15,0.15176690762076772
2025-07-16,0.20934465302357552
2025-07-17,0.15724927892392793
2025-07-18,0.19752019351100006
2025-07-21,0.2740473315412294
2025-07-22,0.22392490746224586
2025-07-23,0.1829821036016815
2025-07-24,0.163138233867198
2025-07-25,0.19400173452285555
2025-07-28,0.17908511643436256
2025-07-29,0.08520410781026556
2025-07-30,0.1242944096346703
2025-07-31,0.13500670861712086
2025-08-01,0.18716349046794545
2025-08-04,0.2103889721886095
2025-08-05,0.1674685621636094
2025-08-06,0.15018820012761958
2025-08-07,0.09842982381918775
2025-08-08,0.12384041965558537
2025-08-11,0.0818251979563111
2025-08-12,0.06960064342119299
2025-08-13,0.050272273809498454
2025-08-14,0.11567179432060586
2025-08-15,0.1327061054603746
2025-08-18,0.1013193795255868
2025-08-19,0.11827950050035498
2025-08-20,0.14671698035736427
2025-08-21,0.1882776706906239
2025-08-22,0.14602279263684503
2025-08-25,0.14769342235915853
2025-08-26,0.15309411632421968
2025-08-27,0.14105930403494998
2025-08-28,0.08863675821573895
2025-08-29,0.033146334557152074
2025-09-01,0.024823186544072222
2025-09-02,0.13126304123686075
2025-09-03,0.12325873778917427
2025-09-04,0.1831932754078136
2025-09-05,0.13361382733511193
2025-09-08,0.04751990937346247
2025-09-09,0.1301117168544626
2025-09-10,0.06317141531530361
2025-09-11,-0.13433691271375472
2025-09-12,-0.1436409971680971
2025-09-15,-0.09534666306658285
2025-09-16,-0.14545455522429512
2025-09-17,-0.19732047983765744
2025-09-18,-0.11060858041668242
2025-09-19,-0.039817072950583274
2025-09-22,-0.09798880072470632
2025-09-23,-0.025973150459868526
2025-09-24,-0.08656655394061166
2025-09-25,-0.14043787896643903
2025-09-26,-0.07659741591699369
2025-09-29,-0.17855716936776247
2025-09-30,-0.19245065620434032
2025-10-09,-0.16748417093790502
2025-10-10,-0.0339006652116588
2025-10-13,-0.13148865090881745
2025-10-14,-0.06292119634406534
2025-10-15,-0.12737965925872013
2025-10-16,-0.05532873369620584
2025-10-17,-0.01139691979586884
2025-10-20,0.004509227492388809
2025-10-21,-0.03810460391602176
2025-10-22,-0.016104857207933726
2025-10-23,0.005919562314513347
2025-10-24,-0.15226887095926972
2025-10-27,-0.22436354572187056
2025-10-28,-0.17587426080721374
2025-10-29,-0.22324404731032738
2025-10-30,-0.19857239429115234
2025-10-31,-0.07874030444272752
2025-11-03,-0.044586728900782836
2025-11-04,-0.03149228440900295
2025-11-05,-0.10600048262185557
2025-11-06,-0.12717293205459607
2025-11-07,-0.09433776103526616
2025-11-10,0.03639884444567861
2025-11-11,0.05418855185802287
2025-11-12,0.07360403123756452
2025-11-13,-0.02065801831210159
2025-11-14,0.03519436172022676
2025-11-17,-0.048087564602625886
2025-11-18,-0.10692680588525753
2025-11-19,-0.030400101672959055
2025-11-20,-0.06314933615425569
2025-11-21,0.0522387959513586
2025-11-24,0.12218040348861788
2025-11-25,0.11001917166153954
2025-11-26,0.14057326892250557
2025-11-27,0.1295091739065946
2025-11-28,0.1388815006039225
2025-12-01,0.12910564885544354
2025-12-02,0.14988519974180547
2025-12-03,0.16802343563142155
2025-12-04,
2025-12-05,
2025-12-08,
2025-12-09,
2025-12-10,
2025-12-11,
2025-12-12,
2025-12-15,
2025-12-16,
2025-12-17,
2025-12-18,
2025-12-19,
2025-12-22,
2025-12-23,
2025-12-24,
2025-12-25,
2025-12-26,
2025-12-29,
2025-12-30,
2025-12-31,
